Subspecies,Subspecies2,Individual,Coverage,Phenotype,Sex
Amur,Amur,AMU15,High,Orange,F
Amur,Amur,AMU20,High,Orange,F
Amur,Amur,AMU21,High,Orange,F
Amur,Amur,AMU22,High,Orange,F
Amur,Amur,AMU23,High,Orange,F
Amur,Amur,SRR7152399,High,Orange,F
Amur,Amur,SRR7152404,High,Orange,F
Amur,Amur,SRR7152409,High,Orange,F
Amur,Uknown,SRR7651466,High,Orange,F
Amur,Unknown,SRR7651470,High,Orange,F
Amur,Amur,PCGPT128,Low,Orange,F
Amur,Amur,PCGPT32,Low,Orange,F
Amur,Amur,PCGPT39,Low,Orange,F
Amur,Amur,AMU1,High,Orange,M
Amur,Amur,AMU16,High,Orange,M
Amur,Amur,AMU17,High,Orange,M
Amur,Amur,AMU18,High,Orange,M
Amur,Amur,AMU2,High,Orange,M
Amur,Amur,AMU3,High,Orange,M
Amur,Amur,SRR7152400,High,Orange,M
Amur,Amur,SRR7152403,High,Orange,M
Amur,Amur,SRR7152410,High,Orange,M
Amur,Unknown,SRR7651464,High,Orange,M
Amur,Unknown,SRR7651465,High,Orange,M
Amur,Unknown,SRR7651467,High,Orange,M
Amur,Amur,SRR836306,High,Orange,M
Amur,Amur,T21,High,Orange,M
Amur,Amur,T22,High,Orange,M
Amur,Amur,T23,High,Orange,M
Amur,Amur,T4,High,Orange,M
Amur,Amur,PCGPT34,Low,Orange,M
Amur,Amur,PCGPT37,Low,Orange,M
Amur,Amur,PCGPT40,Low,Orange,M
Amur,Amur,AMU11,High,Orange,U
Amur,Amur,AMU24,High,Orange,U
Amur,Amur,AMU4,High,Orange,U
Amur,Amur,AMU5,High,Orange,U
Amur,Amur,AMU7,High,Orange,U
Amur,Amur,AMU8,High,Orange,U
Amur,Amur,AMU9,High,Orange,U
Amur,Amur,T1,High,Orange,U
Amur,Amur,T2,High,Orange,U
Amur,Amur,T3,High,Orange,U
Bengal,Bengal,SRR7152381,High,Orange,F
Bengal,Bengal,SRR7152401,High,Orange,F
Bengal,Bengal,SRR5591010,High,Orange,M
Bengal,Bengal,SRR5612311,High,Orange,M
Bengal,Bengal,SRR5612312,High,Orange,M
Bengal,Bengal,SRR7152380,High,Orange,M
Bengal,Bengal,BEN_CI2,High,Orange,U
Bengal,Bengal,BEN_CI3,High,Orange,U
Bengal,Bengal,BEN_CI4,High,Orange,U
Bengal,Bengal,BEN_CI5,High,Orange,U
Bengal,Bengal,BEN_CI6,High,Orange,U
Bengal,Bengal,BEN_CI8,High,Orange,U
Bengal,Bengal,BEN_NE1,High,Orange,U
Bengal,Bengal,BEN_NE2,High,Orange,U
Bengal,Bengal,BEN_NE3,High,Orange,U
Bengal,Bengal,BEN_NOR2,High,Orange,U
Bengal,Bengal,BEN_SA1,High,Orange,U
Bengal,Bengal,BEN_SA3,High,Orange,U
Bengal,Bengal,BEN_SA4,High,Orange,U
Bengal,Bengal,BEN_SI1,High,Orange,U
Bengal,Bengal,BEN_SI2,High,Orange,U
Bengal,Bengal,BEN_SI3,High,Orange,U
Bengal,Bengal,BEN_SI4,High,Orange,U
Bengal,Bengal,BEN_SI5,High,Orange,U
Bengal,Bengal,BEN_SI6,High,Orange,U
Bengal,Unknown,SRR836354,High,Orange,U
Indochinese,Indochinese,SRR7152395,High,Orange,F
Indochinese,Indochinese,SRR7152405,High,Orange,F
Indochinese,Indochinese,SRR7152408,High,Orange,F
Indochinese,Indochinese,SRR7152402,High,Orange,M
Indochinese,Indochinese,SRR7152406,High,Orange,M
Indochinese,Indochinese,SRR7152407,High,Orange,M
Malayan,Malayan,MAL13,High,Orange,F
Malayan,Malayan,MAL14,High,Orange,F
Malayan,Malayan,MAL4,High,Orange,F
Malayan,Malayan,MAL6,High,Orange,F
Malayan,Malayan,MAL7,High,Orange,F
Malayan,Malayan,SRR7152390,High,Orange,F
Malayan,Malayan,SRR7152391,High,Orange,F
Malayan,Malayan,SRR7152392,High,Orange,F
Malayan,Malayan,SRR7152393,High,Orange,F
Malayan,Malayan,SRR7152396,High,Orange,F
Malayan,Malayan,SRR7152397,High,Orange,F
Malayan,Malayan,MAL1,High,Orange,M
Malayan,Malayan,MAL10,High,Orange,M
Malayan,Malayan,MAL11,High,Orange,M
Malayan,Malayan,MAL12,High,Orange,M
Malayan,Malayan,MAL15,High,Orange,M
Malayan,Malayan,MAL2,High,Orange,M
Malayan,Malayan,MAL26,High,Orange,M
Malayan,Malayan,MAL3,High,Orange,M
Malayan,Malayan,MAL5,High,Orange,M
Malayan,Malayan,MAL9,High,Orange,M
Malayan,Malayan,SRR7152389,High,Orange,M
Malayan,Malayan,SRR7152394,High,Orange,M
Malayan,Malayan,SRR7152398,High,Orange,M
South China,South China,SRR7152387,High,Orange,F
South China,South China,SRR7651468,High,Orange,U
South China,South China,SRR7651469,High,Orange,U
South China,South China,SRR7651471,High,Orange,U
Sumatran,Sumatran,SRR7152382,High,Orange,F
Sumatran,Sumatran,SRR7152383,High,Orange,F
Sumatran,Sumatran,SRR7152384,High,Orange,F
Sumatran,Sumatran,SRR7152386,High,Orange,F
Sumatran,Sumatran,SUM2,High,Orange,F
Sumatran,Sumatran,SUM3,High,Orange,F
Sumatran,Sumatran,SUM5,High,Orange,F
Sumatran,Sumatran,SUM7,High,Orange,F
Sumatran,Sumatran,SUM8,High,Orange,F
Sumatran,Sumatran,SRR7152379,High,Orange,M
Sumatran,Sumatran,SRR7152385,High,Orange,M
Sumatran,Sumatran,SRR7152388,High,Orange,M
Sumatran,Sumatran,SUM1,High,Orange,M
Sumatran,Sumatran,SUM13,High,Orange,M
Sumatran,Sumatran,SUM14,High,Orange,M
Sumatran,Sumatran,SUM4,High,Orange,M
Sumatran,Sumatran,SUM6,High,Orange,M
Sumatran,Sumatran,SUM9,High,Orange,M
Unknown,Unknown,18032FL-56-01-02,High,Orange,F
Unknown,Unknown,18032FL-56-01-03,High,Orange,F
Unknown,Unknown,18032FL-56-01-04,High,Orange,F
Unknown,Unknown,18032FL-56-01-05,High,Orange,F
Unknown,Unknown,18032FL-56-01-08,High,Orange,F
Unknown,Unknown,18032FL-56-01-09,High,Orange,F
Unknown,Unknown,18032FL-56-01-11,High,Orange,F
Unknown,Unknown,18032FL-56-01-12,High,Orange,F
Unknown,Unknown,18032FL-56-01-16,High,Orange,F
Unknown,Unknown,18032FL-56-02-01,High,Orange,F
Unknown,Unknown,18032FL-56-02-02,High,White,F
Unknown,Unknown,18032FL-56-02-03,High,Orange,F
Unknown,Unknown,18032FL-56-02-04,High,Orange,F
Unknown,Unknown,18032FL-56-02-10,High,Orange,F
Unknown,Unknown,18032FL-56-02-12,High,Orange,F
Unknown,Unknown,18032FL-56-02-16,High,Orange,F
Unknown,Unknown,18032FL-61-01V1-01,High,Orange,F
Unknown,Unknown,18032FL-61-01V1-04,High,Orange,F
Unknown,Unknown,18032FL-61-01V1-05,High,Orange,F
Unknown,Unknown,18032FL-61-01V1-06,High,Orange,F
Unknown,Unknown,18032FL-61-01V1-07,High,Orange,F
Unknown,Unknown,18032FL-61-01V1-08,High,Orange,F
Unknown,Unknown,18032FL-61-01V1-11,High,Orange,F
Unknown,Unknown,18032FL-61-01V1-14,High,Golden,F
Unknown,Unknown,18032FL-61-01V1-15,High,Orange,F
Unknown,Unknown,5594-DP-0003_S5,High,White,F
Unknown,Unknown,GEN11,High,Orange,F
Unknown,Unknown,GEN22,High,White,F
Unknown,Unknown,GEN5,High,Orange,F
Unknown,Unknown,T10,High,Orange,F
Unknown,Unknown,T11,High,Orange,F
Unknown,Unknown,T12,High,Orange,F
Unknown,Unknown,T13,High,Orange,F
Unknown,Unknown,T14,High,Orange,F
Unknown,Unknown,T16,High,Orange,F
Unknown,Unknown,T24,High,Orange,F
Unknown,Unknown,EFRCT1,Low,Orange,F
Unknown,Unknown,EFRCT13,Low,Orange,F
Unknown,Unknown,EFRCT17,Low,Orange,F
Unknown,Unknown,EFRCT2,Low,Orange,F
Unknown,Unknown,EFRCT22,Low,Orange,F
Unknown,Unknown,EFRCT24,Low,Orange,F
Unknown,Unknown,EFRCT25,Low,Orange,F
Unknown,Unknown,EFRCT26,Low,Orange,F
Unknown,Unknown,EFRCT3,Low,Orange,F
Unknown,Unknown,EFRCT31,Low,White,F
Unknown,Unknown,EFRCT32,Low,Orange,F
Unknown,Unknown,EFRCT35,Low,Orange,F
Unknown,Unknown,EFRCT38,Low,Orange,F
Unknown,Unknown,EFRCT5,Low,Orange,F
Unknown,Unknown,ISET1,Low,Orange,F
Unknown,Unknown,ISET10,Low,Orange,F
Unknown,Unknown,ISET2,Low,Orange,F
Unknown,Unknown,ISET3,Low,Orange,F
Unknown,Unknown,ISET5,Low,Orange,F
Unknown,Unknown,ISET6,Low,Orange,F
Unknown,Unknown,ISET8,Low,White,F
Unknown,Unknown,PAWST6,Low,Orange,F
Unknown,Unknown,PAWST9,Low,Orange,F
Unknown,Unknown,TCWRT12,Low,Orange,F
Unknown,Unknown,TCWRT20,Low,White,F
Unknown,Unknown,TCWRT24,Low,Orange,F
Unknown,Unknown,TCWRT7,Low,Orange,F
Unknown,Unknown,18032FL-56-01-01,High,Orange,M
Unknown,Unknown,18032FL-56-01-06,High,Orange,M
Unknown,Unknown,18032FL-56-01-07,High,Orange,M
Unknown,Unknown,18032FL-56-01-10,High,Orange,M
Unknown,Unknown,18032FL-56-01-13,High,Orange,M
Unknown,Unknown,18032FL-56-01-14,High,Orange,M
Unknown,Unknown,18032FL-56-01-15,High,Orange,M
Unknown,Unknown,18032FL-56-02-05,High,Orange,M
Unknown,Unknown,18032FL-56-02-13,High,Orange,M
Unknown,Unknown,18032FL-56-02-14,High,Orange,M
Unknown,Unknown,18032FL-56-02-15,High,Orange,M
Unknown,Unknown,18032FL-56-02-AGGCAGAA-AGAGGATA,High,Orange,M
Unknown,Unknown,18032FL-61-01V1-02,High,Orange,M
Unknown,Unknown,18032FL-61-01V1-03,High,Orange,M
Unknown,Unknown,18032FL-61-01V1-09,High,Orange,M
Unknown,Unknown,18032FL-61-01V1-10,High,Orange,M
Unknown,Unknown,18032FL-61-01V1-12,High,Orange,M
Unknown,Unknown,18032FL-61-01V1-13,High,Orange,M
Unknown,Unknown,18032FL-61-01V1-16,High,White,M
Unknown,Unknown,5594-DP-0001_S3,High,White,M
Unknown,Unknown,5594-DP-0002_S4,High,SnowWhite,M
Unknown,Unknown,GEN1,High,Orange,M
Unknown,Unknown,GEN2,High,Orange,M
Unknown,Unknown,GEN3,High,Orange,M
Unknown,Unknown,GEN8,High,Orange,M
Unknown,Unknown,T15,High,Orange,M
Unknown,Unknown,T17,High,Orange,M
Unknown,Unknown,T19,High,White,M
Unknown,Unknown,T20,High,White,M
Unknown,Unknown,T5,High,Orange,M
Unknown,Unknown,T7,High,Orange,M
Unknown,Unknown,T8,High,Orange,M
Unknown,Unknown,T9,High,White,M
Unknown,Unknown,EFRCT10,Low,Orange,M
Unknown,Unknown,EFRCT12,Low,Orange,M
Unknown,Unknown,EFRCT18,Low,Orange,M
Unknown,Unknown,EFRCT19,Low,Orange,M
Unknown,Unknown,EFRCT23,Low,Orange,M
Unknown,Unknown,EFRCT27,Low,Orange,M
Unknown,Unknown,EFRCT28,Low,Orange,M
Unknown,Unknown,EFRCT30,Low,Orange,M
Unknown,Unknown,EFRCT39,Low,Orange,M
Unknown,Unknown,EFRCT46,Low,Orange,M
Unknown,Unknown,EFRCT6,Low,Orange,M
Unknown,Unknown,EFRCT8,Low,Orange,M
Unknown,Unknown,EFRCT9,Low,Orange,M
Unknown,Unknown,ISET11,Low,Orange,M
Unknown,Unknown,ISET12,Low,Orange,M
Unknown,Unknown,ISET14,Low,Orange,M
Unknown,Unknown,ISET4,Low,Orange,M
Unknown,Unknown,ISET7,Low,Orange,M
Unknown,Unknown,ISET9,Low,Orange,M
Unknown,Unknown,PAWST1,Low,Orange,M
Unknown,Unknown,PAWST10,Low,Orange,M
Unknown,Unknown,PAWST2,Low,Orange,M
Unknown,Unknown,PAWST3,Low,Orange,M
Unknown,Unknown,PAWST4,Low,Orange,M
Unknown,Unknown,PAWST5,Low,Orange,M
Unknown,Unknown,PAWST7,Low,Orange,M
Unknown,Unknown,PAWST8,Low,Orange,M
Unknown,Unknown,TCWRT15,Low,White,M
Unknown,Unknown,TCWRT2,Low,Orange,M
Unknown,Unknown,TCWRT22,Low,White,M
Unknown,Unknown,TCWRT28,Low,Orange,M
Unknown,Unknown,TCWRT3,Low,Orange,M
Unknown,Unknown,TCWRT31,Low,Orange,M
Unknown,Unknown,TCWRT4,Low,Orange,M
Unknown,Unknown,TCWRT5,Low,Orange,M
Unknown,Unknown,TCWRT6,Low,Orange,M
Unknown,Unknown,cb-tiger1,High,Orange,U
Unknown,Unknown,cb-tiger2,High,Orange,U
Unknown,Unknown,T18,High,Orange,M
Unknown,Unknown,T6,High,Orange,F
Unknown,Unknown,EFRCT11,Low,Orange,F
Unknown,Unknown,EFRCT15,Low,Orange,F
Unknown,Unknown,EFRCT20,Low,Orange,F
Unknown,Unknown,EFRCT34,Low,Orange,M
Unknown,Unknown,EFRCT45,Low,White,M
Unknown,Unknown,ISET13,Low,White,M